PC1,PC2,customer_id
0.6241374716272883,1.4040144394396614,CM00000
-2.159748515757941,-0.5665035431519868,CM00001
2.1627850160569864,-1.1151324575927897,CM00002
-2.6314364789477493,-0.8185985324662578,CM00003
0.3760532300878763,0.9901464488398966,CM00004
-0.013394904838011848,2.2068154111878937,CM00005
-2.5464930931386687,-0.45906215829686753,CM00006
-2.545755099368858,-0.26305262719252936,CM00007
-0.9997200850745105,-0.4963022013605903,CM00008
-2.5292699896826174,-0.684935013646535,CM00009
1.7571375679747065,-0.5809955046862171,CM00010
1.610531576693963,-0.8634358005912776,CM00011
-0.5804012396410275,0.5430783277510954,CM00012
-2.0246030862381876,-0.5349267432642768,CM00013
-0.38891689634229026,0.8412992367532313,CM00014
-0.14645801703743158,0.6542302957199805,CM00015
-2.6237343429559865,-0.39981137357609403,CM00016
-1.9669506906360283,-0.44172465033530783,CM00017
0.3231837736299297,1.7714045568188792,CM00018
-2.227144358967701,-0.5963927667354064,CM00019
2.027443737863423,-1.18583694075515,CM00020
-2.488665581620651,-0.7654853353124211,CM00021
-1.9627837309793144,-0.6034035401106446,CM00022
2.4214016045052484,-0.7319570344394429,CM00023
1.9223995180530467,-0.5532430948036073,CM00024
0.3935230041673038,1.76396698619046,CM00025
1.8012285363283305,-0.9836719265220638,CM00026
0.6751461259109114,2.173642933062429,CM00027
2.055522475763025,-0.5240562542835417,CM00028
-0.1654409513242093,2.0603131284595353,CM00029
0.5961346525194549,2.0354088830648362,CM00030
0.4112968831463794,1.8558889760394286,CM00031
-1.9450411302699777,-0.793682654016103,CM00032
-0.3929587062957804,1.6357209975841505,CM00033
2.2522615559637864,-0.7321981302571757,CM00034
-1.997214821340868,-0.5230995548298888,CM00035
-0.42949747243303654,1.1721338484751775,CM00036
2.8520194875918565,-0.8715072716730027,CM00037
0.10583378206476987,1.957854984978041,CM00038
-2.3202740811782485,-1.0313311208862133,CM00039
-2.2799480032425135,-0.4544161516827577,CM00040
1.5131461385791019,-0.5241306064968941,CM00041
2.4256171843913075,-1.0760939026518477,CM00042
-2.844906022831902,-1.0177594088276218,CM00043
-2.9290196651779525,-1.4984391590121247,CM00044
-2.080080608831506,-1.0744634435279727,CM00045
0.5077028273552968,1.2010945963969983,CM00046
-0.4872391416804642,1.3649641183188381,CM00047
1.981318880733885,-1.0109011706218158,CM00048
-2.0317952727545903,-0.7690583575266836,CM00049
1.4005677997120602,-0.7459676898192782,CM00050
-0.43822465857143134,2.1178137035355675,CM00051
2.2365344120391737,-0.7724745211860943,CM00052
-2.381093597830978,-0.8182351161640303,CM00053
2.4944591006914276,-0.8661748555525696,CM00054
-2.303088932688746,-0.7833558985912656,CM00055
0.3671544192733789,0.8139518862462534,CM00056
-1.7522631312146608,-0.6007102459988561,CM00057
2.271382104002791,-0.6169010200537507,CM00058
2.7555521377548664,-0.7298089434445275,CM00059
2.4234222085970725,-0.9245097853513512,CM00060
0.005674354004542267,2.057931948685451,CM00061
-1.8038915319699662,-0.13665964302865197,CM00062
0.35469548762452485,1.7934467639012561,CM00063
2.175353111973055,-1.1591125192427372,CM00064
-2.515906539828584,-0.6303299308353303,CM00065
-1.7732541664480852,-0.7096113275650886,CM00066
-2.158726154255658,-0.33999478790340426,CM00067
-2.8742699162151477,-0.3930636020003619,CM00068
1.8654908190421264,-0.9454515677909296,CM00069
-2.0745479860305673,-0.8322068196471114,CM00070
-1.9963635815134375,-0.7518037567048306,CM00071
-1.9985633025940615,-0.5432844549900621,CM00072
-2.130854892378569,-0.3430836150754404,CM00073
0.3684517167000196,1.761935594390029,CM00074
-0.3462644691360684,0.8210797756717909,CM00075
2.1706572865652776,-0.5659913705729037,CM00076
2.294610040740741,-1.2009910138136097,CM00077
1.8248798214311663,-0.19973491885139258,CM00078
-0.0016529369177203759,1.6614746619359564,CM00079
0.22207168392475263,0.8707573263840084,CM00080
0.2368250944606534,1.1165214410165984,CM00081
0.06978633317941231,2.166093175190171,CM00082
1.7120097829631702,-0.7099242133960508,CM00083
-0.29322021146763166,1.1636093645367325,CM00084
-3.2265310689645035,-1.0665452440035048,CM00085
-0.07349666342270127,1.7013964623718096,CM00086
-2.145676862146312,-1.0581210211291796,CM00087
-2.581919600827976,-0.7565029236258431,CM00088
-2.280841861826809,-0.9172497980878831,CM00089
1.6097792703350193,-0.606546604900942,CM00090
1.283409024490597,-0.4200820048337254,CM00091
0.30863025272377353,1.7265812575452941,CM00092
-2.500343770273289,-0.4507225395367912,CM00093
-2.4817053128276,-0.6535006104964874,CM00094
2.0405168763491712,-1.3057816122543133,CM00095
-2.5244358483037725,-0.5833538696497234,CM00096
-0.2473994153432161,2.3205618407664663,CM00098
-2.621526429039266,-0.902954119027136,CM00099
-1.8410248112938563,-0.563342156308408,CM00100
1.9643692021957935,-0.5668823632756461,CM00101
-1.647441849324682,-0.7211407597112214,CM00102
-2.305190080801262,-0.6742866408931706,CM00103
0.11513043454106779,2.0572670583004977,CM00104
-0.6598150187963822,1.8463853894484386,CM00105
1.9073510236321267,-1.101631209261468,CM00106
0.11259044666543618,1.345596807840534,CM00107
1.6384361024153888,-0.9334590475856201,CM00108
-3.1710870006993095,-1.1427417295899693,CM00109
2.32392794672295,-0.6372057052773806,CM00110
-1.844573093083155,-0.4755714893461491,CM00111
-2.102807872466188,-0.8320936738782653,CM00112
0.11210108977990853,1.653917913075213,CM00113
0.0752372860964133,1.6193811241322529,CM00114
2.0504170913098396,-0.6175207403437207,CM00115
0.5067326167719948,1.3003221709825703,CM00116
-2.2282818302205976,-1.022742862140713,CM00117
2.1841435268453067,-0.3598667045857394,CM00118
0.25933973973681285,1.972466957981949,CM00119
-2.378722344626109,-0.9821261641716844,CM00120
2.255618890487663,-1.6064412841333424,CM00121
1.8770341845792005,-0.7654616237874962,CM00122
1.865326030510778,-1.3988743112743474,CM00123
2.662225401778809,-0.6356972691550457,CM00124
1.7184517902982936,-0.5231913942090719,CM00125
1.903888030846574,-1.376756726785378,CM00126
0.13262833741379274,2.090014971590174,CM00127
0.08030964328699129,2.147306733157235,CM00128
-1.811926372430457,-0.5567518972720318,CM00129
0.6708474160430882,1.6166146524512774,CM00130
0.2319698060895837,0.8497003428684156,CM00131
1.7542318780704629,-0.725303450112954,CM00132
2.6022187450110006,-0.38308752144208436,CM00133
2.1947520601927946,-0.9483492927418518,CM00134
0.6207013274993983,1.4072026085829787,CM00135
-2.73672322904543,-1.0023588779078172,CM00136
-1.6315444079146857,-0.5470532307387489,CM00137
2.036604834495791,-0.7787865268545385,CM00138
-2.6540636968159093,-1.0037333899245116,CM00140
-1.8695676806738863,-0.5886019542438122,CM00141
2.520177120606477,-0.7637356265602933,CM00142
-1.2906877364387934,-0.07216653903525123,CM00143
-2.3292123321367235,-0.4882983088561715,CM00144
-0.32283334277265063,1.7363434604027892,CM00145
1.978324289561865,-0.6985145361979551,CM00146
-0.4763945302932058,1.3586032004789512,CM00147
-1.9125741302907726,-0.7544724204986621,CM00148
2.511973662106699,-0.7432790058052218,CM00149
-0.010874317685068866,2.185493754645877,CM00150
-0.3388019794343857,1.3741460905720582,CM00151
-2.8419092692986423,-1.0542041968207914,CM00152
1.642451557397557,-0.4992463532386699,CM00153
-3.042426919701245,-1.3723360757477163,CM00154
-3.4233397593356005,-1.3264291516119264,CM00155
2.1496393611592977,-0.6862205663890502,CM00156
-0.3359245139372671,1.4469640542075024,CM00157
-2.4028484635050127,-0.6095286822897827,CM00158
-0.19123662217226597,2.1312946564926754,CM00159
2.372711277219032,-0.6729796092539357,CM00160
0.4148209744555664,2.005850404779952,CM00161
1.8144549641839847,-0.7330610624290771,CM00162
2.7342681025199798,-0.9489744811092763,CM00163
1.7027470362011932,-0.34350436475014395,CM00164
-0.14352715206975583,1.1490106231732264,CM00165
-0.3254003446076691,1.1120548973295559,CM00166
1.8982790091165225,-0.43140510434325424,CM00167
-1.9644493103832472,-0.3665981255931234,CM00168
-0.031387010166034915,1.7893303555149351,CM00169
-0.4237935238937087,1.1629363040012366,CM00170
-1.7535166968181652,-0.45224215101260845,CM00171
-3.2352685065532545,-0.6874597289996661,CM00172
0.3794495806654021,1.4985743301502978,CM00173
-3.0124805712219347,-1.5400267950188058,CM00174
0.24353546706179463,1.6664511839405232,CM00175
-1.7622925610510343,-0.575018662464731,CM00176
-0.4041615610058697,1.7901152414391879,CM00177
1.7182462869694093,-0.7675791313107638,CM00178
-1.4534162556732138,-0.8121363068298576,CM00179
2.0977993879289936,-0.8185039151398491,CM00180
-3.070018896142489,-1.9191061660523687,CM00181
-2.280716981977348,-0.7954929292900009,CM00182
1.6433020413444954,-0.36639161085824873,CM00183
-2.852643810684638,-0.30949144060644757,CM00184
-2.4143624384353286,-0.8984972565963336,CM00185
-2.3110213312993375,-1.2183397474633904,CM00186
2.5110331142407745,-1.076744237936377,CM00187
0.4838495963102301,1.9368172443739011,CM00188
-0.23989608966343787,1.4997608280958663,CM00189
-0.10700570464346428,1.8926194248554646,CM00190
-1.417627689976581,0.10863606798850138,CM00191
-1.9311005810876947,-0.3164088957095784,CM00192
-0.22871445172886423,1.5667654940186158,CM00193
1.9493415679744133,-0.42326695623803917,CM00194
0.01501277144369923,1.6597838229220312,CM00195
-3.2651932410288316,-0.7168552104815474,CM00196
-2.222277112791175,-0.4054869490901957,CM00197
-2.954356448472096,-0.9339115250106024,CM00198
-0.576797514882449,1.1813650383121104,CM00199
-1.1289494996690432,-0.1283710729127075,CM00200
1.648773175290129,-0.18104670927625952,CM00201
0.48552067264270843,1.8790162138124782,CM00202
-1.6915946345758204,-1.031978522675057,CM00203
2.492248381792323,-1.0395744819375756,CM00204
-0.3439873265335343,1.123874665560429,CM00205
0.11426687889910393,1.0458271642732933,CM00206
2.211850182577279,-1.2363573206974992,CM00207
0.3357944674561562,1.9447511287651253,CM00208
0.23050671452534519,1.8170758467347743,CM00209
2.1699620286092447,-0.8798074246957723,CM00210
0.08241423674046365,0.9833723080006409,CM00211
0.05793075981310648,2.147152306706494,CM00213
2.5461285077815208,-1.3763864296506294,CM00214
-2.1979768327226132,-0.6162939100297209,CM00215
0.04978185058528249,0.9950608120199192,CM00216
-0.6697647376393078,1.061792748004648,CM00217
-2.2149700449258423,-0.8275377557943351,CM00218
2.5740901591844274,-0.9029701276848708,CM00219
0.1734450989532311,1.7599033940390565,CM00220
1.8964687848942419,-1.0730749809901965,CM00221
-0.030443397080854175,1.4087775410107959,CM00222
0.9978164236867825,-0.8533026321193338,CM00223
1.7908599711281163,-0.8254013266371582,CM00224
0.2947055662075404,1.8888233479268741,CM00225
-2.199422481577176,-0.952353541846891,CM00226
-2.3054175754279953,-0.362162464823958,CM00227
-1.61564964586933,-0.6650778729758529,CM00228
-2.7519065273002914,-1.051581935089103,CM00229
-2.638184590269889,-0.7183824787887064,CM00230
0.22978955041522522,0.5750913307435028,CM00231
-1.0232395914844596,-0.8490714799258993,CM00232
0.042341623723308366,1.5146162096088693,CM00233
0.3124214886661523,2.0478429929224498,CM00234
-0.533613191465056,2.088484909146146,CM00235
-2.1236527808496293,-0.8273700725773824,CM00236
-0.6118011284636593,1.843344095782061,CM00237
1.536498328542141,-0.520917625217787,CM00238
2.185237887977316,-1.1292530517653527,CM00239
-0.15490379087608364,0.7658181774507482,CM00240
0.7860368275502232,2.1304319298933834,CM00241
2.7617678610202976,-1.4403200077647111,CM00242
2.039500132197536,-1.0754667163449323,CM00243
-1.9603544714086545,-0.8029484963587641,CM00244
1.888993559775242,-0.8776210743509874,CM00245
2.6290656858654278,-0.8490519195598398,CM00246
0.4459934586454985,1.8030507810532783,CM00247
-2.098608508797123,-0.8059785521912467,CM00248
-2.5958456238278274,-0.3225939302897836,CM00249
0.8690997951085244,2.068687009756739,CM00250
0.5218340395401236,1.8926242768830406,CM00251
0.2553714141906405,1.3577502455783108,CM00252
-0.9038036120455802,-0.011823161734562385,CM00254
-1.9627302215827684,-0.785622645433019,CM00255
1.6237607348393865,-0.3300415432428767,CM00256
1.9748333814888535,-0.5397628453891838,CM00257
-1.4313229427015093,-0.5670952352389803,CM00258
-2.500358230056034,-0.8904722437132394,CM00259
-1.5949263258111372,-0.5604174026300511,CM00260
2.6095563129573587,-0.7126491768517954,CM00261
2.3645491207160023,-1.2484190661900567,CM00262
0.18774638052457276,0.7254342476043921,CM00263
-2.5662119829726424,-0.623616359017144,CM00264
-0.1723010169923513,2.100760456069228,CM00265
-2.9658846432536885,-0.8206776923179601,CM00266
-0.35828968347426093,1.564678857018909,CM00267
-1.6372239908455961,-0.46014524919044897,CM00268
-1.3433305918835696,-0.647021220465112,CM00269
2.543339512544422,-0.7291265142467709,CM00270
-0.030308382074050712,1.6981100056948069,CM00271
1.1138034749821193,-0.2892861959980237,CM00272
-2.432224976111211,-0.3889753491122122,CM00273
-0.23957790882268268,1.9056064303301687,CM00274
-1.8235664103901206,-0.5652361914163558,CM00275
0.36311189478339745,1.0175323224764754,CM00276
1.6992441425529734,-0.7095983184428482,CM00277
-0.32767141215090856,1.1289595852054342,CM00278
0.09410600335760515,2.0589074750222105,CM00279
2.3730076588165994,-1.2110752279963917,CM00280
1.358840051097005,-0.441251136910223,CM00281
1.9004205601896509,-0.44084981793923267,CM00282
0.10021247476225444,2.283482294227204,CM00283
2.5500192662577668,-0.7798002035075284,CM00284
0.3534474826551687,1.9206823036353062,CM00285
0.5786508847188809,2.2102017525484414,CM00286
1.8849993833726038,-0.8998497051227179,CM00287
-2.6283285965926435,-0.6911300580562872,CM00288
-0.8508855726681372,0.527735135098886,CM00289
-0.36579444103034725,1.829904952355806,CM00290
1.9851241328004514,-0.7966528334159703,CM00291
1.6577360709408149,-0.5812247578902351,CM00292
2.053436958174611,-1.255700616940652,CM00293
0.27055796454230313,1.4915564559237273,CM00295
-0.17536535331638087,1.1254694597290118,CM00296
-1.5941220834292629,-0.911504106208234,CM00297
0.13248393114546125,1.1929102917700303,CM00298
-0.6864084167700968,1.37739238903277,CM00299
1.5917493965793417,-0.22142543220020078,CM00300
2.4780994531382374,-0.465967923828639,CM00301
-2.228547143204076,-0.7940730842292325,CM00302
2.0924700311989026,-0.3377009999111721,CM00303
2.3660527597966485,-1.0382283326959434,CM00304
0.008120485543581987,1.5329206378694098,CM00305
-2.498615603650796,-0.7992175791520305,CM00306
2.1613199518383097,-0.7040448734653425,CM00307
-0.311981263765707,1.3861643540506143,CM00308
2.640994111227702,-1.0840624042888498,CM00309
1.8949994424358727,-0.5101934415551544,CM00311
-1.9169725533898625,-0.17680124115995896,CM00312
-0.1089484068902671,0.9125659138275979,CM00313
2.5722175078870597,-0.5667505951942078,CM00314
-2.2988349969415385,-1.0522031795703528,CM00315
2.1703985526760046,-0.8326492739525276,CM00316
1.7810123731144543,-0.4623328551057974,CM00318
1.6938703666682366,-0.5410872061577967,CM00319
-1.7518210843163384,-1.1449397081730535,CM00320
1.7953197528971012,-0.7633730639227237,CM00321
2.959055153304565,-1.1088856036946413,CM00322
-2.5140370197243893,-1.008939931569495,CM00323
-2.2054965525812853,-0.730702858371524,CM00324
2.1566042521081843,-0.8844941424712833,CM00325
-2.026890488940885,-0.29849778372385266,CM00326
2.0636212347019196,-1.022413085997798,CM00327
-2.1014730535739043,-0.9398118386804678,CM00328
-1.9577904796513697,-0.7972370382812617,CM00329
0.3931229783847616,1.447372001331265,CM00330
0.32900228010516774,1.8421829934907505,CM00331
-2.3101013768930323,-0.4811457272918173,CM00332
2.5605022862734415,-0.8477482558807039,CM00333
2.078600575443976,-0.16910620959384434,CM00334
2.14120829759345,-0.9948357067528498,CM00335
-1.7810203414257995,-0.8304760159188561,CM00336
1.4355460778915619,-0.7071458397233813,CM00337
-2.0514581471193307,-0.421733549951797,CM00338
0.4048550744242634,1.2406519285044653,CM00339
1.5719920298058958,-1.2789962623323425,CM00340
2.124457000357347,-1.0301356783277422,CM00341
2.2354746874390483,-0.9041034337072035,CM00342
-2.0757601234338607,-0.8928803083311992,CM00343
-2.1134674174921004,-0.6871958795811517,CM00344
0.6999825960218867,2.3104347405307264,CM00345
0.4377901655202672,1.9143139717479811,CM00346
-0.37232528067776327,0.9490180769548497,CM00347
0.2858353809043289,1.4896342881175437,CM00348
-2.382181408045555,-0.9647183804110606,CM00349
-2.766574944079695,-0.8311948273793935,CM00350
0.1980468909688385,1.535431266916361,CM00351
2.412815746350533,-1.1404050177358975,CM00352
2.852417021755456,-1.0892975082296281,CM00354
1.9624428970000989,-0.49466499197135233,CM00355
2.446197333013487,-0.7013267784520026,CM00356
-0.4429816966306865,2.2130372500067117,CM00357
1.7823226769257252,-0.16275050722304676,CM00358
-3.0118669227455857,-1.023682746138278,CM00359
-2.722711483904811,-0.873947784654135,CM00360
0.7212755166150884,2.130753658605664,CM00361
-1.4307577170646812,-0.3581696438877288,CM00362
2.02131505088653,-0.3568108501656567,CM00363
1.4718373566468734,-0.5924155980439796,CM00364
-2.155387865192972,-0.5413301886737759,CM00365
-0.216590193192821,2.2210367824264234,CM00366
0.5521100250342234,2.0759193327039176,CM00367
1.4598065385696728,-0.5202952701968842,CM00368
0.37610353904012034,1.9864723131869255,CM00369
-2.268992975840991,-0.3468111727083838,CM00370
-2.346900446506601,-0.912590676106735,CM00371
-0.2599012123133129,1.6419661336756293,CM00372
2.2638044295809343,-1.1421589808780646,CM00373
-0.08084369121869923,1.0659289796990397,CM00374
-1.567764227429866,-0.5388777474928146,CM00375
2.174750033227634,-0.6891786433121474,CM00376
0.10834181244024008,1.6318306733686914,CM00377
1.9634809856699824,-0.5993885685208415,CM00378
-0.5006216024015888,1.814974328087594,CM00379
-1.8134647204413594,-0.5773591196838652,CM00380
-2.3548385816364816,-0.6405804353064397,CM00381
-1.8928709694945016,-0.6060197470464695,CM00382
0.16007870067878494,1.749837816821074,CM00383
-2.5134077086767097,-0.8097748903536848,CM00384
-0.23049714798306595,1.4817053043547146,CM00385
2.0727874371022477,-0.369444335923368,CM00386
0.3755885397991268,1.14899314626308,CM00387
-0.20565420271063245,0.9115824450174543,CM00388
-0.11606338678474197,1.0564813626404577,CM00389
2.0008830959957544,-1.0000510821693351,CM00390
0.5522803474078262,1.853868017606817,CM00391
-2.302088067564122,-0.7663197155258471,CM00392
-0.10280077604785386,1.2756455619054328,CM00393
0.18826596255905675,1.4093923350099435,CM00394
-1.4474107685267046,-0.1100376606971341,CM00395
2.0521831325124267,-0.3417431790500084,CM00396
2.2803230097741354,-0.9234373243840052,CM00397
2.087433630411924,-0.4677183892709069,CM00398
-2.2123745742762,-0.30244613178398005,CM00399
1.1478318033486912,0.07805901704277456,CM00400
-0.12842576684406173,2.0535370272972564,CM00401
-0.021752327122979177,2.022119762415431,CM00402
-2.331276653313352,-0.7382835030431084,CM00403
-0.1394452237936019,1.1664334551754059,CM00404
2.7046638921468555,-1.4383075648763812,CM00405
0.42109742798910416,1.1559346161137856,CM00406
1.9254624220006107,-0.7555466642815991,CM00407
-0.3441818755873048,1.9298673143026581,CM00408
-3.1784720991620845,-1.0867359507808685,CM00410
-2.155849486477573,-0.37381350024081894,CM00411
-1.3674016016073913,-0.3662822866516137,CM00412
-2.8129440568558692,-0.5778482443479462,CM00413
-0.09345993180722355,1.5110772063394635,CM00414
1.340306136697601,-0.4780510713870698,CM00415
-1.0473397768202364,-0.03575767533364541,CM00416
0.020371813884861634,1.0168865121256183,CM00417
1.4300225859235056,-0.7193735794133103,CM00418
0.42062005893558035,1.2248631973909017,CM00419
0.35226137398815927,1.2064562731999309,CM00420
2.254373704383718,-0.9106129173311085,CM00421
-1.9112207105142067,-0.9969716233827296,CM00422
2.5332044701238696,-0.6862778609985526,CM00423
-1.3653669580926076,-0.588177072918319,CM00424
-0.19127012538823426,1.1553624562649467,CM00426
-0.9971640389160972,0.6037075471268012,CM00427
-2.5903969162389107,-0.910010866508544,CM00428
-1.9719340538839043,-0.592690642145131,CM00429
2.7007801488946854,-0.6880520058978806,CM00430
-1.7163677406478994,-0.3655690414591482,CM00431
1.5597342538888268,-0.7640589990610483,CM00432
2.2156336854334344,-1.6496530660916,CM00433
-0.6199684181603101,1.1253568996600014,CM00434
-2.1438409173979855,-0.908327400529848,CM00435
0.36028863031650826,1.6597339881117237,CM00436
2.5496742711730653,-1.3028857097922715,CM00437
-1.5375181122803747,-0.0240520217702266,CM00438
-0.7516743305185822,-0.23963318473115133,CM00439
-2.101751509067053,-0.38809749978565,CM00440
0.17578961128881293,0.864751757487006,CM00441
-1.8693146808093521,-0.8647906592671581,CM00442
0.49998099106200955,1.636025509915134,CM00443
-0.07366835883175975,1.3776611012393682,CM00444
-2.432743550339676,-0.8021431804632093,CM00445
-1.6490739282474864,-0.4947601603470215,CM00446
0.16808983535682073,1.1620873350696466,CM00447
-1.9595966681117911,-0.933211544364877,CM00448
-1.5763984265741149,-0.1257569560095852,CM00449
2.834569371139198,-1.4077659663544155,CM00450
2.6193482397730232,-0.7142765548571341,CM00451
0.6149794334234022,1.7147694618368559,CM00452
-2.671752510794306,-0.7842949998495987,CM00453
-1.0133039188589086,-0.3119140278316055,CM00454
2.013683846161856,-1.313529466302064,CM00455
2.2772780346803123,-1.379726860074497,CM00456
-1.7234354609320246,-0.42065756277945066,CM00457
0.17774485294075587,2.356623321953891,CM00458
2.117151874032461,-0.9631568222125694,CM00459
1.6612290197634025,-0.7965343231944533,CM00460
1.5354573707490577,-1.0703001006957011,CM00461
0.7877313314921316,0.7443678427583279,CM00462
-0.3829875315289195,1.9983530280023736,CM00463
-0.11459583186367363,0.7903565825851105,CM00464
0.004157323862753321,1.7656076142631039,CM00465
0.025818700178984653,1.1050603276464483,CM00466
-2.218067798204483,-0.6100743603072474,CM00467
1.9339096458760618,-1.0823518190569474,CM00468
2.5380553338982397,-0.9497697066798356,CM00469
-2.450156056570845,-1.404795843898686,CM00470
-1.48884713086945,-0.9719581883281011,CM00471
-3.339525566145133,-1.1583266819313334,CM00472
2.331046544993764,-1.3412889019958363,CM00473
0.08287853792124521,2.097052704240259,CM00474
1.8968698311463918,-0.4944298214312267,CM00475
-1.9970154212144178,-0.42664523843770463,CM00476
-2.278201418409794,-0.3648814569542191,CM00477
2.1710189431392943,-0.547182937431791,CM00478
-0.04974468031215703,0.533274945595589,CM00479
-0.12093401418735104,1.765227600588594,CM00480
0.0005863235441431936,1.4607236861718553,CM00481
0.37236315247083374,1.3347601647259253,CM00482
-1.9025273271369831,-0.7395656120700206,CM00483
-2.5218504940966935,-0.7052926599791567,CM00484
-1.7725081166141832,-0.7634653474137771,CM00485
0.15076641367403668,1.2712210092388418,CM00486
-2.657749844749143,-0.6733080168606416,CM00487
0.18135231837517607,1.7494096388716378,CM00488
2.5168755976384722,-0.6869017422679078,CM00489
-2.0890772175767474,-0.7528530905757161,CM00490
1.6454552199185741,-0.5079423617086862,CM00491
2.460546677312752,-0.8238606636843738,CM00492
-3.18268188772558,-0.8963979725060574,CM00493
1.570069102853084,-0.3433426077808407,CM00494
-0.04980144800499085,1.922560776990273,CM00495
-2.102798056100758,-0.7651471735403828,CM00496
1.366026625150203,-0.679775202559391,CM00497
-1.9150762448299359,-0.872192607014826,CM00498
2.230671962055499,-0.8103319250103997,CM00499
2.1010146792504774,-0.7102044291958379,CM00500
-0.11295815740390323,1.890124626747796,CM00501
1.7882725412559644,-0.9885505717199258,CM00502
2.5050506369804477,-0.8939480106191021,CM00503
2.004459607744711,-1.352248621219348,CM00504
0.13293737917673262,1.4181690254322423,CM00505
-1.758253947610144,-0.4603437565266193,CM00506
-2.113252701168029,-0.5167428361054672,CM00507
2.686077113909397,-0.7782562984461913,CM00508
-0.2601059009655426,1.01778737390998,CM00509
-1.6394982038443717,-0.6470572394829808,CM00510
2.50876407742134,-1.2929506054883988,CM00511
2.088749002565713,-0.5187018406111354,CM00512
-1.6888412711856586,-0.5751803373116278,CM00513
-2.4718901886481333,-0.25109009254687853,CM00514
1.9225797188415947,-0.9929768637893506,CM00515
0.433645085918964,1.6368379365338486,CM00516
2.081493549659844,-0.6010903986313836,CM00517
0.6952013996671708,1.6415505578251157,CM00518
0.17755230334403097,1.3827622154370949,CM00519
0.1644568389933951,1.8853782223067141,CM00520
1.7251845104996253,-0.9536456926306066,CM00521
0.36410026264088374,1.5965952645983974,CM00522
-2.035483294267142,-0.8509297968587447,CM00523
-0.35058963714197566,1.916459718285314,CM00524
0.11445744443641764,0.6515084924994562,CM00525
0.2128113067553438,1.1597503752544671,CM00526
1.6912700375545473,-0.6505748322016888,CM00527
1.5733850846519666,-0.45024776102512964,CM00528
1.8805622960311865,-0.2651281802436719,CM00529
-0.9440234847642439,1.1248095527074131,CM00530
2.069422081667649,-0.35169695411237134,CM00531
-1.5020292264948867,-0.6088307875760203,CM00532
0.5451454505085576,1.8559616686873128,CM00533
0.28426992546001445,0.8883164124015795,CM00534
2.8099613153596072,-1.452920281434415,CM00535
-2.4972638422282336,-1.0974748046642695,CM00536
-2.108794479646352,-0.43584115683649904,CM00537
-2.8451657542058952,-0.4863384858681847,CM00538
1.8947454481872033,-0.3377056155139255,CM00539
-0.2335652231740822,2.471689546179244,CM00540
2.3519626382557846,-1.3210926623521708,CM00541
-1.701322044275323,-0.86099934598228,CM00542
2.41234987983419,-1.273347721575083,CM00543
-0.33534895246091373,2.2001128495739035,CM00544
0.4835498434932003,1.3002411717497155,CM00545
-1.6470822177879292,-0.6506151562707151,CM00546
2.18956767870255,-0.44158876321758134,CM00547
0.3850274407445668,1.7009263731940305,CM00548
-0.011260149041710557,1.6320501430649217,CM00550
2.4129897632413573,-1.1832224848730062,CM00551
-2.3461944856918406,-1.3811190913769666,CM00552
-0.05988996511263177,2.2880995660091425,CM00553
-0.15158247505418984,1.720126748527223,CM00554
-1.8032579253102623,-0.29640395549212256,CM00556
-2.084016328738522,-0.23637248430341073,CM00557
-0.1103342324897693,1.41548413564248,CM00558
-2.84059864806591,-1.186921327801687,CM00559
-2.521164822598709,-0.30493370735689873,CM00560
-2.8658983251716146,-1.4185346484262884,CM00561
-2.8728346690587667,-1.0983562477828468,CM00562
-0.278466651695325,1.8604582309299398,CM00563
-0.2626469942295325,1.2978634103719564,CM00564
-2.6574129387574312,-0.22467030522016893,CM00565
-2.47493088078583,-0.5980176054278309,CM00566
0.2058941291623212,1.5803572892407,CM00567
1.9322034234873025,-0.8193446360308645,CM00568
-1.9221373883285247,-0.3383078919837495,CM00569
-0.24321401363850065,0.7347021427905004,CM00570
-1.3096821233417542,-0.3933164902181978,CM00571
1.7479578899905657,-0.640635324567777,CM00572
-2.5075038250886683,-0.7753327554368973,CM00573
2.344969829866385,-1.3863078907300586,CM00574
0.28759336849864636,2.364933552824825,CM00575
0.16532705198008976,0.9426947923463375,CM00576
2.504794227354093,-0.9542289285681143,CM00577
-1.8215141756446585,-0.3129782658050261,CM00578
-2.478387041534664,-0.8549463152414875,CM00579
-2.7569651950776164,-1.0887723538808944,CM00580
2.155743502195843,-0.4792744385574306,CM00581
-2.318000756039288,-0.8147234444684527,CM00582
0.4589130581394405,0.8957667006388219,CM00583
2.2141019278753373,-0.8698068993496563,CM00584
-1.932231144471825,-0.5384315435344692,CM00585
-3.540165871134961,-1.2849127791800747,CM00586
2.3535702624683266,-1.1177705365385593,CM00587
-0.1564700320377382,1.199732703127461,CM00588
-0.045907473381516115,0.8025232322433333,CM00589
-1.1791117474517931,-0.653159813539779,CM00590
-2.6261536472664244,-1.0968409469829163,CM00591
0.19893247888638735,1.5328650024921269,CM00592
2.4993755643850357,-0.9195207100609123,CM00593
2.1310946017118737,-0.7954622215083931,CM00594
-1.8923450305196112,-1.134766313942343,CM00595
-0.37648859189633427,0.5379125413669038,CM00596
-1.6787024518463185,-0.7074060679172968,CM00597
2.4556921180974265,-0.7809420146106021,CM00598
1.9660802148922154,-0.2602067645785127,CM00599
2.155060731266113,-0.8518747514940591,CM00600
2.6733329270863337,-0.5440717213569054,CM00601
2.3676015277925417,-1.0520693494462388,CM00602
-1.789243021455932,-0.8305845721325416,CM00603
0.22148335316546242,1.293678578435219,CM00604
-1.6139343874635246,-0.6629810986026831,CM00606
1.9041060010912234,-0.9465758026949777,CM00607
0.2167670926377313,0.9012248604461331,CM00608
-2.0442271986388003,-0.5327610492372421,CM00609
-1.7747541584864632,-0.7650611557641834,CM00610
-0.4400747909362535,1.6306914574906353,CM00611
-2.206694163659272,-0.5856632267646055,CM00612
-0.018179365744603545,1.5612035380111444,CM00613
-2.762667011341884,-0.4732999056715055,CM00614
-2.5753130858243356,-0.9846944387437144,CM00615
2.4896290097455682,-1.0632249555482431,CM00616
-2.144321152611548,-0.8699101390312894,CM00617
2.149604164021246,-0.8908637664918848,CM00618
2.609160873857509,-1.1845290312180867,CM00619
0.31110740406732107,1.2227355084362848,CM00620
-3.678674034876119,-1.5837574619116055,CM00621
-2.507649402048111,-1.0920680216001382,CM00623
1.7774042021782572,-0.603422145623182,CM00624
0.005620019660184985,2.398998120009369,CM00625
-1.5590910997496898,-0.6921393337259524,CM00626
-0.793779495372107,1.8498951985308063,CM00627
-1.2712685553022525,-0.19554463570755293,CM00628
-2.8378770311708053,-0.7637485351785781,CM00629
-0.34417126340826,1.6757180757626133,CM00630
-2.039001326229347,-0.6763509436386983,CM00631
0.47662462447357967,0.7772392229362399,CM00632
0.4964938706880825,0.7259684251017642,CM00633
1.722286032274478,-0.3036562031682734,CM00634
-2.2770350847131273,-0.8311813994526768,CM00635
0.45597769295130086,1.7084635774431434,CM00636
-2.207872436965648,-0.6633796281445552,CM00637
-0.07005132654798918,1.0385920825387827,CM00638
1.945886750755135,-0.03604011204499822,CM00639
1.9123183696924095,-1.2415146870409905,CM00640
-0.3518434924385134,2.0461488348150683,CM00641
-1.590270552478586,-0.7361022290433941,CM00642
2.031566780071243,-0.7034059607253106,CM00643
-2.0644126521808888,-0.6634656041232199,CM00644
-2.576630658851907,-0.45487867236497675,CM00645
-2.0750164811921117,-0.6391730277467139,CM00646
1.4653873654249487,-0.6951145963207075,CM00647
-2.0079694807541126,-0.3252517323536266,CM00648
1.5962731920611515,-1.0498137273681822,CM00649
0.14629662915674563,1.3874545654583492,CM00650
0.16328154342200998,1.5960047450673047,CM00651
-2.0545560449421907,-0.45326891827415555,CM00652
0.11974874555008905,2.0784093034891855,CM00653
0.15578413391666998,1.0496736115560321,CM00654
1.4850162756656675,-0.6768058683615713,CM00655
1.654824001771502,-0.6260403440723239,CM00656
1.586061855612774,-0.5008128774317441,CM00657
2.1711629252254405,-1.2179614229969173,CM00658
-2.0289621952721273,-0.8563362275477008,CM00659
-1.7444200348330707,-0.19047897983300438,CM00660
-1.2502004607777728,-0.6943515312853762,CM00661
2.5512402030611216,-0.9724100265635883,CM00662
-2.4863815561064584,-0.6456691978901634,CM00663
-1.693718124783934,-0.24504603752096527,CM00664
1.6100453098231644,-0.6572167713462278,CM00665
2.6535090376627903,-0.9923917231976139,CM00666
1.4207778880750404,-0.5254882543523561,CM00667
-1.9195328332613506,-0.9565922539770578,CM00668
1.8580522792128245,-0.7314267934569009,CM00669
0.12892906393956646,1.6927694393227724,CM00670
-2.6159624896286697,-0.6506973743851479,CM00671
-2.1151069073947313,-0.7711788234037207,CM00672
-0.31453092510942543,2.3382571625903332,CM00673
1.6643540989778638,-1.0916895250918592,CM00675
-2.8795171862170985,-1.349768970991299,CM00676
-2.210019985241423,-0.9727750387881736,CM00677
-0.04372960458661172,1.7043817907347536,CM00678
-2.9531631022901803,-1.450858241153063,CM00679
-0.31093045678287656,1.9410225849316336,CM00680
-2.3214079368746887,-0.9912799273613456,CM00681
0.4304291768848698,1.117812171403652,CM00682
-0.16982215864128544,1.4041932005582056,CM00683
0.6423598818291356,2.002832563969746,CM00684
-0.15242775929255897,2.460532234093167,CM00685
1.8202284108537947,-0.5032235101705471,CM00686
-1.4632663673124493,-0.5629079185257811,CM00687
-2.7207617710112606,-0.8454924355977415,CM00688
0.06551352642283075,1.881567924206955,CM00689
0.8758190103166453,2.1083500998468128,CM00690
0.1573950735212288,2.34138000900622,CM00691
0.6039712694021564,1.3202955152598763,CM00692
0.4188552204342171,2.2861645140615514,CM00693
0.3320084547831767,1.2559477516032387,CM00694
-2.514191454499034,-0.47521490141218853,CM00695
2.2383463478216976,-1.0958679379589786,CM00696
0.2584443426332733,2.1708177839497758,CM00697
1.3925589983499571,-1.0921347182224428,CM00698
-2.589091866638454,-0.9807415821361077,CM00699
2.515667677843862,-1.0776104009202485,CM00700
2.144330264440777,-0.9595656850585027,CM00701
-0.32097419552976836,1.0606261881996,CM00702
0.5089267747813483,1.3146991430244377,CM00703
2.605594804079684,-0.6001968553567998,CM00704
0.1293061439452439,1.697370669254324,CM00705
1.513237652981098,-0.8547625278566082,CM00706
1.333104680737591,-0.877720271144824,CM00707
1.935475176289936,-0.70868363757366,CM00708
-1.4100069002754692,-0.36466739000560167,CM00709
0.6516722368115698,1.3136193035990038,CM00710
1.8517789071739421,-0.8627006239988146,CM00711
2.593818704690463,-0.6519805844461124,CM00712
1.7867601875008263,-0.7232289026570059,CM00713
-2.2168677797202254,-0.8971355119144336,CM00714
-1.8493386569152142,-0.7551982342027634,CM00715
0.3623218457139337,1.4721755300998762,CM00716
0.2330082805566528,0.787023528045007,CM00717
1.3523179169817472,-0.7838585685207924,CM00718
0.30718026849118624,1.0625681328443553,CM00719
1.610624738875978,-0.9410837854407027,CM00720
2.313203701196579,-1.2604771389683562,CM00721
2.281887974807978,-0.8684066012504579,CM00722
-0.13126969652248413,1.2103046764633034,CM00723
-1.1822564694488147,-0.2156112520106395,CM00724
-2.1960710047028424,-0.7253262059485195,CM00725
0.17695307946510788,1.3083095751547495,CM00726
-0.34495896445709223,1.258049544072053,CM00727
0.4883716377612786,1.1244588375868059,CM00728
-2.084398506237977,-0.45980964675053204,CM00729
-0.07042383050289412,1.3164945127229628,CM00730
-0.12124920544748878,2.3717058733681933,CM00731
-1.4097900623097088,-0.5630467883847113,CM00732
2.2912202077880077,-1.1192170881944263,CM00733
-0.12198023733000361,1.816998375265131,CM00734
-1.8481316537429109,-0.7576601129551188,CM00735
0.19214206888749566,2.0629178632252585,CM00736
1.9076502643646291,-0.7860705687000171,CM00737
-2.470158842619545,-1.2882252954827107,CM00738
-1.9723384613668615,-0.7755406332075115,CM00739
-0.05742672984585416,1.8884132915931067,CM00740
2.4908790303864654,-0.4389494270103168,CM00741
-2.1934490453790865,-0.7904002928960693,CM00742
1.4300745401217536,-0.81683670773287,CM00743
-3.4953758057285476,-0.8651419793389834,CM00744
-0.7182673107470605,-0.5945884876576905,CM00745
-1.378514704057225,-0.32768907812894615,CM00746
-1.3548062847978664,-0.5753407084409448,CM00747
0.2998912016497009,1.008279173033437,CM00748
-2.393823037502325,-0.5458998623638591,CM00749
1.6029618305305353,-1.10119702464506,CM00750
0.19600468966939594,1.286465920530259,CM00751
0.6676936744793018,1.0286949781560428,CM00752
-1.0383993256773847,-0.49028360764196355,CM00753
-3.122047674430069,-1.1577175034751264,CM00754
0.6960478885939744,0.7144466723598402,CM00755
-1.9194310063428486,-0.879742324304099,CM00756
2.5403553926840416,-0.8045623545178254,CM00757
2.381468319893458,-1.0057074837632805,CM00758
-1.597825780851265,0.01133096467727425,CM00759
1.344358307683737,-0.2441744161542076,CM00760
0.0529794726003754,1.901134882730797,CM00761
0.18231951360279,1.4832730214535093,CM00762
-0.33837595456096875,0.8172079799968682,CM00763
2.052758847058299,-1.0291013843952228,CM00764
1.4784403096255725,-1.1926173638031836,CM00766
0.15561031360538594,1.7092506367925173,CM00767
0.45105553214156585,2.556291318738379,CM00768
-1.9772057920958737,-0.207556012806535,CM00769
-1.706154219647512,-0.64234142196815,CM00770
-1.7942889798546489,-0.48851665293489316,CM00771
-0.26776982857396714,1.0574574725922845,CM00772
2.2972175019104633,-1.2150627536263416,CM00773
0.20208387130459227,1.5421559141098977,CM00774
-1.3053998294515154,-0.7531276551221812,CM00775
2.2761106273525438,-1.0185761498122803,CM00776
-1.596622134390664,-0.3743692864903938,CM00777
1.1874415868847477,-0.48066380338205056,CM00778
1.8579650763546207,-0.26731461300260767,CM00779
0.5903319006561781,2.0813493885719923,CM00780
0.3900622789249801,1.208116596977068,CM00781
-1.8470648491458137,-0.3688069869162858,CM00782
0.3837038484702719,1.8858817551004792,CM00783
2.777223954071691,-0.9973083236637845,CM00784
1.4997425701498357,-1.0868879891749572,CM00785
1.2668666577379615,-0.6983060186559207,CM00786
0.06628333670087895,1.8122948728938282,CM00787
0.23098835761177344,0.9424360409360655,CM00788
-2.3550024054589205,-1.1268549465657547,CM00789
-0.08124994402582286,0.6197118199823495,CM00790
0.5530811314002476,1.6180300223552389,CM00791
1.7864379255519496,-0.058564092183277384,CM00792
2.536560631856022,-1.2604280095760938,CM00793
0.5673090469971359,1.8801100149781422,CM00794
1.994899194955109,-0.7206762929605677,CM00795
2.107207053883801,-0.7800811828806485,CM00796
-1.8107413241661912,-0.7306555802103258,CM00797
1.8772680621296929,-1.1117844983822809,CM00798
-2.3214019879593533,-0.8484042874548196,CM00799
0.1808796983091705,1.62947419375426,CM00800
-1.8012788233695374,-0.6828996712154937,CM00801
0.19150437095450557,1.8358672726945593,CM00802
0.3297196746373641,1.3091670230046832,CM00803
-0.2106672798222685,2.1797199556240163,CM00804
2.1084899237961103,-0.4190701241675677,CM00805
-0.1431656894281361,0.969466343164585,CM00806
1.74001925044261,-1.0843259068167224,CM00807
2.475826736922675,-1.0323995996408069,CM00808
-0.3044998047956447,1.7389247622601647,CM00809
-0.21884389172805754,1.8371648892790244,CM00810
2.0998100017370276,-1.299352905883444,CM00811
-2.111281019483474,-0.3543332174187259,CM00812
2.5285520826147017,-1.1921638543741229,CM00813
-2.234603621752512,-0.9255933826764203,CM00814
2.3796294725302656,-1.4174320589533673,CM00815
2.0660224577859183,-1.0665110767862966,CM00816
-3.032369188653342,-1.3577140786539734,CM00817
-2.412252153890518,-0.7897293320454609,CM00818
0.28019052407356804,1.7458444456128608,CM00819
-0.1338088761107148,1.20662142869386,CM00820
-0.9304867552822369,0.8094537198244225,CM00821
1.8525791827796,-0.5276638304815173,CM00822
-2.0568264877069606,-0.5340958620308224,CM00823
-0.19644065504503522,0.8305394238233486,CM00824
-2.028280910382314,-0.6521369517348429,CM00825
1.862453273718854,-0.7989604242440291,CM00826
-2.27919043318089,-0.41636413529588473,CM00827
2.218828320604433,-1.2814553864194884,CM00828
-0.013528058393509382,1.4929190079177774,CM00829
1.9695991086828262,-0.6471885164005656,CM00830
-2.4531082835791604,-0.7644993922923592,CM00831
2.280586668805653,-0.7718658724144416,CM00832
0.4082455345688484,1.6080270264125762,CM00833
-0.13789241082636985,1.970036157446655,CM00834
-0.02485082330463954,1.609944382580778,CM00835
2.195060042897456,-0.6306161435243867,CM00836
0.3759864113611085,1.869820083429536,CM00837
1.8287523866725506,-0.8622800222834349,CM00838
2.411289001554638,-1.3353928358352263,CM00839
-0.3184593791780133,1.44404297503943,CM00840
-0.06422299999131775,1.1558364040061542,CM00841
1.9055570179342858,-1.2222517547054284,CM00842
-0.2779771595753776,1.0352319663892762,CM00843
1.9528031067595752,-0.8381554915779118,CM00844
-2.6302775501202706,-0.9641055059902758,CM00845
0.026390524167326086,1.0703249248389042,CM00846
2.27992868764401,-0.725930447972052,CM00847
-0.05081058592679076,1.2432761816623006,CM00848
0.2932746362164895,2.17244534880285,CM00849
-1.7280772098866486,-0.29385406022596083,CM00850
-2.9087289028301244,-0.8001820323401595,CM00851
1.315867818152318,-0.46326826081531536,CM00852
-2.508836422044763,-0.9212033783473204,CM00853
-2.148143459872649,-0.1815138887438683,CM00854
-2.554502908103026,-1.2964028960114171,CM00855
-2.6128630433147966,-1.14989739095644,CM00856
0.40647736624047004,1.3164747067011817,CM00857
-3.07118014862465,-0.7505940194839658,CM00858
2.43000618246032,-1.3184155370889967,CM00859
2.420561055622432,-0.8971135055822189,CM00860
-2.296239831618864,-0.8126621162143558,CM00861
1.835665004468027,-0.6335246233903303,CM00862
2.932323268033387,-0.8021039895381322,CM00863
2.6097698036144688,-0.688527084486866,CM00864
2.3658149564141033,-1.1260463036890311,CM00865
-3.3017056801835696,-1.1514346563065576,CM00866
-2.0219334119133605,-0.7618524231335699,CM00867
0.361557738167818,1.952794734534293,CM00868
0.2289338773765928,0.8740830007627632,CM00869
-0.20366721788969186,1.2845716307395096,CM00870
1.8762939928281963,-0.09030322938601418,CM00871
1.900474808942018,-1.1312587049890144,CM00872
-0.08385767766849465,1.1657370505903555,CM00873
-2.592324029184849,-1.3552718250315496,CM00874
0.18742293351251682,0.8216485901283188,CM00875
2.3264197359650733,-0.6655971983274854,CM00876
0.4078602281610311,1.9688455550532402,CM00877
0.06346306144637283,1.1555998647787336,CM00878
1.8294841020442523,-0.7662435824408875,CM00879
-3.018148764049348,-1.080404032723728,CM00880
0.18494516633027774,1.937837913232929,CM00881
2.866860567573256,-1.3023291863792696,CM00882
2.3933038999154657,-0.6262529293609416,CM00883
-2.115063971933943,-0.37308288370789916,CM00884
2.505159375359084,-0.8401524539305242,CM00885
-1.5619000147579212,-0.5777207931045085,CM00886
2.2304902853956814,-1.0679156435675516,CM00887
1.9140880000537799,-0.1871370257183542,CM00888
2.193388316409188,-1.3055284443520603,CM00889
2.124606054903987,-0.7164509793093924,CM00890
-0.2778434912230293,1.8294429520225652,CM00891
-1.4367671277302974,-0.4392813517962049,CM00892
-1.9974327075829272,-0.826482290745989,CM00893
0.23240287231892168,1.314064101239325,CM00894
0.21740874541065155,2.0296732958245896,CM00895
-2.4760816728633013,-1.1948456691431057,CM00896
1.6452820536761383,-0.828362872045678,CM00897
0.19521046260072408,1.3764263108538126,CM00898
2.224848087969082,-1.3285685691079692,CM00899
1.5429432531185665,-0.7014384975149969,CM00900
2.597596769637624,-1.0519491844288553,CM00901
1.3588578526077348,-0.31656769407960045,CM00902
2.1213474713914025,-1.3953199750827945,CM00903
2.3362207207762817,-1.2511473816029397,CM00904
2.276762718454578,-1.0861507466191955,CM00905
-0.3113121019273273,1.4957068362553658,CM00906
-3.106368652771444,-0.9689540119169762,CM00907
0.6114333685902194,1.5701590903169287,CM00908
0.3621412039939775,1.8919719169848708,CM00909
1.813858222950537,-0.488107817751984,CM00910
2.1266894905551226,-0.9827657534275833,CM00911
2.2652195258133774,-1.0897927025299798,CM00912
1.4619288874161271,-0.7825276855224703,CM00913
2.47976203363508,-1.1181371281979218,CM00914
-1.7749977830322383,-0.7011427737979938,CM00915
2.584835521286128,-1.1336265097965952,CM00916
0.2764526072689027,1.2207527789204917,CM00917
0.6336787910047893,1.5139856068118926,CM00918
-0.04627069488732382,1.645649856136083,CM00919
-1.8454138608273438,-0.7979052492046429,CM00921
0.04784349272910575,1.314074680232465,CM00922
2.6565651469136307,-0.9591153132084344,CM00923
0.4306450471061398,2.227821264994199,CM00925
2.3281806795812523,-0.6032798490725148,CM00926
0.10356302920478622,1.5799222414210548,CM00927
2.68533954164436,-1.4409166591172604,CM00928
2.465356885667535,-0.6075585788042779,CM00929
-2.1017311922464144,-0.5991030375381734,CM00930
-2.1554616957344446,-0.7009287450227601,CM00931
0.8989971610900119,1.5507314152757912,CM00932
0.3649460526263997,1.9449204872662207,CM00933
-2.5944927423624535,-0.850897761008581,CM00934
1.8251680492760236,-1.3071051883702283,CM00935
-2.1271797289549923,-0.2662968147401524,CM00937
1.6700792754296625,-0.8194400582929446,CM00938
-2.153989221809383,-0.7485474160035076,CM00939
2.222028634506056,-0.7060634897383933,CM00940
0.8325530609770461,2.3173294375288362,CM00941
-3.004022694252748,-0.7317222134440028,CM00942
-0.7900132136463758,1.9283967974488856,CM00943
-2.168717813699456,-0.47924646172932417,CM00944
2.659269226022443,-0.7465020109879764,CM00945
-3.031414546410617,-0.7463340183603264,CM00946
-0.1266218177963536,2.412264843789561,CM00947
-1.808146904932506,-0.6321429452865366,CM00948
-3.0030516565393324,-1.1130111017813693,CM00949
0.27377490414576244,1.000547292147124,CM00950
-1.99849261567334,-0.32056727352796316,CM00951
-2.375633867760432,-1.0782496537938062,CM00952
-2.26439498681907,-0.7355302239340694,CM00953
-2.3255944694249124,-0.38540249430423396,CM00954
1.8048609157434476,-0.9704188079781435,CM00955
0.30727930878119164,1.0189397285258825,CM00956
0.4839567869822559,1.2114733896216299,CM00957
1.9797877643080362,-0.8675704944791209,CM00958
0.1812779946739695,1.6452737450488095,CM00959
2.3390807308368027,-1.337437084504143,CM00960
2.379193774848467,-0.6430448805231378,CM00961
-2.1121277015952717,-0.5039458658164196,CM00962
-1.2201144491827922,-0.42864858789992616,CM00963
-0.3016995955853995,1.0728856727715808,CM00964
0.5122737555731709,1.8680116061097034,CM00965
-0.12888097600390383,1.2485484742381985,CM00966
2.219910148536644,-0.6787714596199208,CM00967
0.2647676569649958,1.6949455947925132,CM00968
-1.9784978062668825,-0.6790186235891237,CM00969
-2.1355909915972346,-0.8648718899184096,CM00970
-1.855020387052639,-0.522915472194761,CM00971
2.09275306541433,-1.091837546884165,CM00972
2.0183041977973852,-1.1053531287276612,CM00973
1.215177635686989,-0.656943602202346,CM00974
1.9926365196512066,-0.7324685334417259,CM00975
-2.206579068944188,-0.8345257813978467,CM00976
0.34273168430710205,1.464522578666744,CM00977
1.5265887557932543,-0.33435227001767465,CM00978
1.915602794751544,-0.9586349927054343,CM00979
-2.5115546170274157,-0.4920069685413768,CM00980
2.069192821240601,-0.8524382560443832,CM00981
0.7946235764646423,1.5910340655262258,CM00982
0.41800072103289704,0.6732094072046376,CM00983
-1.1827065191343553,-0.28154244336215173,CM00984
2.565069842086108,-0.7344473971432814,CM00985
1.890588843959953,-0.46735094535720456,CM00987
2.446473156479513,-0.5809022416178592,CM00988
1.8139442163073691,-0.8050971569656619,CM00989
0.15503057104029608,0.9289109617696553,CM00990
2.1500162550219835,-0.5558467041654283,CM00991
0.5659364450635624,2.2729597449330092,CM00992
2.2071825268808554,-1.0188688840101885,CM00993
1.8268076812245657,-0.4704807869907261,CM00994
1.6663918366677912,-0.2778799062410355,CM00995
-1.5874776474989523,-0.8475895067195013,CM00996
1.8266504689340108,-1.2939223900479504,CM00997
-3.026746298198637,-0.7505046787162214,CM00998
